{ "height":15,
 "layers":[
        {
         "data":[85, 85, 85, 85, 1, 85, 85, 85, 85, 85, 85, 85, 85, 21, 85, 85, 85, 85, 85, 85, 85, 85, 21, 85, 85, 85, 85, 85, 85, 85, 85, 21, 85, 85, 85, 85, 85, 85, 85, 85, 21, 85, 85, 85, 85, 85, 85, 85, 85, 21, 85, 85, 85, 85, 85, 85, 85, 85, 21, 85, 85, 85, 85, 45, 45, 45, 45, 59, 45, 45, 45, 45, 21, 21, 21, 21, 21, 21, 21, 21, 21, 21, 21, 21, 21, 21, 21, 21, 21, 21, 21, 21, 21, 21, 73, 21, 21, 21, 21, 21, 21, 21, 21, 21, 21, 21, 21, 21, 21, 21, 21, 21, 21, 21, 21, 21, 21, 21, 21, 21, 21, 21, 21, 21, 21, 21, 85, 85, 85, 85, 3221225473, 85, 85, 85, 85],
         "height":15,
         "name":"\u0421\u043b\u043e\u0439 \u0442\u0430\u0439\u043b\u043e\u0432 1",
         "opacity":1,
         "type":"tilelayer",
         "visible":true,
         "width":9,
         "x":0,
         "y":0
        }, 
        {
         "draworder":"topdown",
         "height":15,
         "name":"\u0421\u043b\u043e\u0439 \u043e\u0431\u044a\u0435\u043a\u0442\u043e\u0432 1",
         "objects":[
                {
                 "height":29,
                 "id":1,
                 "name":"door_1",
                 "properties":
                    {
                     "arr_pos":"31",
                     "triggerable_id":"1",
                     "is_locked":"0",
                     "paired_tile":"59"
                    },
                 "rotation":0,
                 "type":"door",
                 "visible":true,
                 "width":30,
                 "x":128,
                 "y":96
                }, 
                {
                 "height":29,
                 "id":4,
                 "name":"door_2",
                 "properties":
                    {
                     "arr_pos":"67",
                     
                     "triggerable_id":"2",
                     "is_locked":"1",
                     "paired_tile":"21"
                    },
                 "rotation":0,
                 "type":"door",
                 "visible":true,
                 "width":30,
                 "x":129,
                 "y":224
                }, 
                {
                 "height":31,
                 "id":6,
                 "name":"exit",
                 "properties":
                    {
                        "arr_pos":"4"
                    },
                 "rotation":0,
                 "type":"exit",
                 "visible":true,
                 "width":33,
                 "x":126,
                 "y":0
                }, 
                {
                 "height":30,
                 "id":7,
                 "name":"button_1",
                 "properties":
                    {
                     "arr_pos":"94",
                     "switches":"[1,2]",
                     "is_on":"0"
                    },
                 "rotation":0,
                 "type":"button",
                 "visible":true,
                 "width":30,
                 "x":127,
                 "y":320
                }, 
                {
                 "height":31,
                 "id":8,
                 "name":"enter",
                 "properties":
                    {
                        "arr_pos":"130"
                    },
                 "rotation":0,
                 "type":"enter",
                 "visible":true,
                 "width":31,
                 "x":128,
                 "y":448
                }],
         "opacity":1,
         "type":"objectgroup",
         "visible":true,
         "width":9,
         "x":0,
         "y":0
        }],
 "nextobjectid":9,
 "orientation":"orthogonal",
 "properties":
    {

    },
 "renderorder":"right-down",
 "tileheight":32,
 "tilesets":[
        {
         "firstgid":1,
         "image":"scifitiles-sheet.png",
         "imageheight":192,
         "imagewidth":448,
         "margin":0,
         "name":"scifitiles-sheet",
         "properties":
            {

            },
         "spacing":0,
         "tilecount":84,
         "tileheight":32,
         "tileproperties":
            {
             "44":
                {
                 "get_through":"0"
                }
            },
         "tilewidth":32
        }, 
        {
         "firstgid":85,
         "image":"black.png",
         "imageheight":32,
         "imagewidth":32,
         "margin":0,
         "name":"black",
         "properties":
            {

            },
         "spacing":0,
         "tilecount":1,
         "tileheight":32,
         "tileproperties":
            {
             "0":
                {
                 "get_through":"0"
                }
            },
         "tilewidth":32
        }],
 "tilewidth":32,
 "version":1,
 "width":9
}