{ "height":11,
 "layers":[
        {
         "data":[341, 341, 341, 341, 341, 341, 341, 341, 341, 341, 341, 341, 341, 341, 341, 341, 341, 341, 341, 341, 6, 341, 341, 341, 341, 341, 341, 341, 341, 341, 341, 20, 16, 341, 341, 341, 341, 341, 341, 341, 341, 341, 34, 341, 341, 341, 341, 341, 341, 341, 341, 341, 341, 341, 341, 341, 341, 341, 341, 341, 341, 341, 341, 341, 341, 341, 341, 341, 341, 341, 341, 341, 341, 341, 341, 341, 341, 341, 341, 341, 341, 341, 341, 341, 341, 341, 341, 341, 341, 341, 341, 341, 341, 341, 341, 341, 341, 341, 341, 341, 341, 6, 7, 8, 341, 341, 341, 341, 341, 341, 341, 341, 341, 2, 341, 341, 341, 341, 341, 341, 341],
         "height":11,
         "name":"\u0421\u043b\u043e\u0439 \u0442\u0430\u0439\u043b\u043e\u0432 1",
         "opacity":1,
         "type":"tilelayer",
         "visible":true,
         "width":11,
         "x":0,
         "y":0
        }, 
        {
         "height":11,
         "name":"\u0421\u043b\u043e\u0439 \u043e\u0431\u044a\u0435\u043a\u0442\u043e\u0432 1",
         "objects":[
                {
                 "height":32,
                 "name":"exit",
                 "properties":
                    {
                     "arr_pos":"32"
                    },
                 "type":"exit",
                 "visible":true,
                 "width":33,
                 "x":319,
                 "y":63
                }, 
                {
                 "gid":47,
                 "height":32,
                 "name":"platform_1",
                 "properties":
                    {
                     "arr_pos":"30",
                     "tile_id":"47"
                    },
                 "type":"platform",
                 "visible":true,
                 "width":32,
                 "x":256,
                 "y":96
                }, 
                {
                 "gid":47,
                 "height":32,
                 "name":"platform_2",
                 "properties":
                    {
                     "arr_pos":"91",
                     "tile_id":"47"
                    },
                 "type":"platform",
                 "visible":true,
                 "width":32,
                 "x":96,
                 "y":288
                }, 
                {
                 "height":31,
                 "name":"enter",
                 "properties":
                    {
                     "arr_pos":"113"
                    },
                 "type":"enter",
                 "visible":true,
                 "width":32,
                 "x":97,
                 "y":320
                }],
         "opacity":1,
         "type":"objectgroup",
         "visible":true,
         "width":11,
         "x":0,
         "y":0
        }],
 "orientation":"orthogonal",
 "properties":
    {

    },
 "tileheight":32,
 "tilesets":[
        {
         "firstgid":1,
         "image":"scifitiles-sheet.png",
         "imageheight":192,
         "imagewidth":448,
         "margin":0,
         "name":"scifitiles-sheet",
         "properties":
            {

            },
         "spacing":0,
         "tileheight":32,
         "tilewidth":32
        }, 
        {
         "firstgid":85,
         "image":"lava.png",
         "imageheight":512,
         "imagewidth":512,
         "margin":0,
         "name":"lava",
         "properties":
            {

            },
         "spacing":0,
         "tileheight":32,
         "tilewidth":32
        }, 
        {
         "firstgid":341,
         "image":"black.png",
         "imageheight":32,
         "imagewidth":32,
         "margin":0,
         "name":"black",
         "properties":
            {

            },
         "spacing":0,
         "tileheight":32,
         "tileproperties":
            {
             "0":
                {
                 "get_through":"0"
                }
            },
         "tilewidth":32
        }],
 "tilewidth":32,
 "version":1,
 "width":11
}