{ "backgroundcolor":"#000000",
 "height":13,
 "layers":[
        {
         "data":[125, 125, 125, 125, 125, 125, 125, 87, 1, 87, 125, 125, 125, 125, 125, 125, 125, 125, 125, 125, 87, 21, 87, 125, 125, 125, 125, 125, 125, 125, 125, 125, 125, 87, 59, 87, 125, 125, 125, 86, 86, 86, 86, 86, 86, 86, 96, 21, 87, 125, 125, 125, 21, 21, 21, 21, 21, 21, 21, 21, 21, 87, 125, 125, 125, 86, 86, 86, 86, 86, 86, 86, 89, 21, 87, 125, 125, 125, 125, 125, 125, 125, 125, 125, 125, 87, 21, 87, 125, 125, 125, 125, 125, 125, 125, 125, 125, 125, 87, 21, 87, 125, 125, 125, 125, 125, 125, 125, 125, 125, 125, 87, 21, 87, 125, 125, 125, 125, 125, 125, 125, 125, 125, 125, 87, 73, 87, 125, 125, 125, 125, 125, 125, 125, 125, 125, 125, 87, 21, 87, 125, 125, 125, 125, 125, 125, 125, 125, 125, 125, 87, 21, 87, 125, 125, 125, 125, 125, 125, 125, 125, 125, 125, 95, 86, 96, 125, 125, 125],
         "height":13,
         "name":"\u0421\u043b\u043e\u0439 \u0442\u0430\u0439\u043b\u043e\u0432 1",
         "opacity":1,
         "properties":
            {
             "get_through":"1"
            },
         "type":"tilelayer",
         "visible":true,
         "width":13,
         "x":0,
         "y":0
        }, 
        {
         "draworder":"topdown",
         "height":13,
         "name":"\u0421\u043b\u043e\u0439 \u043e\u0431\u044a\u0435\u043a\u0442\u043e\u0432 1",
         "objects":[
                {
                 "height":32,
                 "id":1,
                 "name":"door_2",
                 "properties":
                    {
                     "arr_pos":"34",
                     "is_locked":"1",
                     "paired_tile":"21",
                     "triggerable_id":"1"
                    },
                 "rotation":0,
                 "type":"door",
                 "visible":true,
                 "width":31,
                 "x":256,
                 "y":63
                }, 
                {
                 "height":30,
                 "id":2,
                 "name":"door_1",
                 "properties":
                    {
                     "arr_pos":"86",
                     "is_locked":"0",
                     "paired_tile":"4",
                     "triggerable_id":"2"
                    },
                 "rotation":0,
                 "type":"door",
                 "visible":true,
                 "width":32,
                 "x":254,
                 "y":193
                }, 
                {
                 "height":31,
                 "id":3,
                 "name":"button_1",
                 "properties":
                    {
                     "arr_pos":"125",
                     "is_on":"0",
                     "switches":"[1,2]"
                    },
                 "rotation":0,
                 "type":"button",
                 "visible":true,
                 "width":32,
                 "x":255,
                 "y":287
                }, 
                {
                 "height":32,
                 "id":4,
                 "name":"exit",
                 "properties":
                    {
                     "arr_pos":"8"
                    },
                 "rotation":0,
                 "type":"exit",
                 "visible":true,
                 "width":32,
                 "x":255,
                 "y":0
                }, 
                {
                 "height":28,
                 "id":6,
                 "name":"enter",
                 "properties":
                    {
                     "arr_pos":"52"
                    },
                 "rotation":0,
                 "type":"enter",
                 "visible":true,
                 "width":31,
                 "x":0,
                 "y":129
                }],
         "opacity":1,
         "type":"objectgroup",
         "visible":true,
         "width":13,
         "x":0,
         "y":0
        }],
 "nextobjectid":9,
 "orientation":"orthogonal",
 "properties":
    {

    },
 "renderorder":"right-down",
 "tileheight":32,
 "tilesets":[
        {
         "firstgid":1,
         "image":"scifitiles-sheet.png",
         "imageheight":192,
         "imagewidth":448,
         "margin":0,
         "name":"scifitiles-sheet",
         "properties":
            {

            },
         "spacing":0,
         "tilecount":84,
         "tileheight":32,
         "tilewidth":32
        }, 
        {
         "firstgid":85,
         "image":"Tileset_32x32.png",
         "imageheight":160,
         "imagewidth":256,
         "margin":0,
         "name":"Tileset_32x32",
         "properties":
            {

            },
         "spacing":0,
         "tilecount":40,
         "tileheight":32,
         "tileproperties":
            {
             "1":
                {
                 "get_through":"0"
                },
             "10":
                {
                 "get_through":"0"
                },
             "11":
                {
                 "get_through":"0"
                },
             "2":
                {
                 "get_through":"0"
                },
             "4":
                {
                 "get_through":"0"
                }
            },
         "tilewidth":32
        }, 
        {
         "firstgid":125,
         "image":"black.png",
         "imageheight":32,
         "imagewidth":32,
         "margin":0,
         "name":"black",
         "properties":
            {

            },
         "spacing":0,
         "tilecount":1,
         "tileheight":32,
         "tileproperties":
            {
             "0":
                {
                 "get_through":"0"
                }
            },
         "tilewidth":32
        }],
 "tilewidth":32,
 "version":1,
 "width":13
}