{ "height":15,
 "layers":[
        {
         "data":[49, 50, 85, 85, 172, 85, 85, 85, 85, 85, 85, 48, 49, 50, 85, 21, 64, 85, 85, 172, 85, 85, 85, 85, 85, 85, 62, 73, 64, 85, 21, 64, 85, 85, 172, 85, 6, 7, 8, 85, 85, 62, 21, 64, 85, 21, 64, 85, 85, 172, 85, 20, 73, 22, 85, 85, 76, 21, 78, 85, 21, 64, 85, 85, 172, 85, 44, 59, 45, 85, 85, 62, 21, 64, 85, 21, 64, 85, 85, 172, 85, 34, 35, 36, 85, 85, 62, 21, 64, 85, 21, 82, 171, 171, 1610612906, 171, 171, 171, 171, 171, 115, 21, 21, 64, 85, 21, 64, 85, 85, 172, 85, 85, 85, 85, 85, 85, 62, 21, 64, 85, 21, 64, 85, 85, 172, 85, 85, 85, 85, 85, 85, 62, 21, 115, 16, 21, 64, 85, 85, 172, 85, 85, 85, 85, 85, 85, 62, 21, 64, 85, 21, 64, 85, 85, 172, 6, 7, 8, 85, 85, 85, 62, 21, 64, 85, 21, 64, 85, 85, 172, 20, 73, 22, 85, 85, 85, 45, 59, 44, 85, 21, 64, 85, 85, 172, 34, 35, 36, 85, 85, 85, 62, 21, 64, 85, 73, 64, 85, 85, 172, 85, 85, 85, 85, 85, 85, 62, 73, 64, 85, 77, 78, 85, 85, 172, 85, 85, 85, 85, 85, 85, 76, 77, 78, 85],
         "height":15,
         "name":"\u0421\u043b\u043e\u0439 \u0442\u0430\u0439\u043b\u043e\u0432 1",
         "opacity":1,
         "type":"tilelayer",
         "visible":true,
         "width":15,
         "x":0,
         "y":0
        }, 
        {
         "draworder":"topdown",
         "height":15,
         "name":"\u0421\u043b\u043e\u0439 \u043e\u0431\u044a\u0435\u043a\u0442\u043e\u0432 1",
         "objects":[
                {
                 "height":28,
                 "id":1,
                 "name":"enter",
                 "properties":
                    {
                     "arr_pos":"45"
                    },
                 "rotation":0,
                 "type":"enter",
                 "visible":true,
                 "width":30,
                 "x":1,
                 "y":98
                }, 
                {
                 "height":28,
                 "id":2,
                 "name":"button_1",
                 "properties":
                    {
                     "arr_pos":"195",
                     "switches":"[1,2]"
                    },
                 "rotation":0,
                 "type":"button",
                 "visible":true,
                 "width":27,
                 "x":2,
                 "y":416
                }, 
                {
                 "height":30,
                 "id":3,
                 "name":"button_2",
                 "properties":
                    {
                     "arr_pos":"171",
                     "switches":"[3,7]"
                    },
                 "rotation":0,
                 "type":"button",
                 "visible":true,
                 "width":33,
                 "x":190,
                 "y":352
                }, 
                {
                 "height":30,
                 "id":4,
                 "name":"door_2",
                 "properties":
                    {
                     "arr_pos":"67",
                     "is_locked":"1",
                     "paired_tile":"21",
                     "triggerable_id":"3"
                    },
                 "rotation":0,
                 "type":"door",
                 "visible":true,
                 "width":31,
                 "x":223,
                 "y":128
                }, 
                {
                 "height":29,
                 "id":6,
                 "name":"exit",
                 "properties":
                    {
                     "arr_pos":"134"
                    },
                 "rotation":0,
                 "type":"exit",
                 "visible":true,
                 "width":29,
                 "x":450,
                 "y":256
                }, 
                {
                 "height":27,
                 "id":7,
                 "name":"button_3",
                 "properties":
                    {
                     "arr_pos":"52",
                     "switches":"[4]"
                    },
                 "rotation":0,
                 "type":"button",
                 "visible":true,
                 "width":32,
                 "x":221,
                 "y":97
                }, 
                {
                 "height":32,
                 "id":8,
                 "name":"door_3",
                 "properties":
                    {
                     "arr_pos":"100",
                     "is_locked":"1",
                     "paired_tile":"21",
                     "triggerable_id":"4"
                    },
                 "rotation":0,
                 "type":"door",
                 "visible":true,
                 "width":32,
                 "x":320,
                 "y":190
                }, 
                {
                 "height":30,
                 "id":9,
                 "name":"button_4",
                 "properties":
                    {
                     "arr_pos":"27",
                     "switches":"[5] "
                    },
                 "rotation":0,
                 "type":"button",
                 "visible":true,
                 "width":34,
                 "x":382,
                 "y":31
                }, 
                {
                 "height":28,
                 "id":10,
                 "name":"button_5",
                 "properties":
                    {
                     "arr_pos":"207",
                     "switches":"[6]"
                    },
                 "rotation":0,
                 "type":"button",
                 "visible":true,
                 "width":29,
                 "x":385,
                 "y":417
                }, 
                {
                 "height":29,
                 "id":11,
                 "name":"door_5",
                 "properties":
                    {
                     "arr_pos":"133",
                     "is_locked":"1",
                     "paired_tile":"21",
                     "triggerable_id":"6"
                    },
                 "rotation":0,
                 "type":"door",
                 "visible":true,
                 "width":32,
                 "x":416,
                 "y":257
                }, 
                {
                 "height":28,
                 "id":12,
                 "name":"door_4",
                 "properties":
                    {
                     "arr_pos":"177",
                     "is_locked":"1",
                     "paired_tile":"21",
                     "triggerable_id":"5"
                    },
                 "rotation":0,
                 "type":"door",
                 "visible":true,
                 "width":31,
                 "x":384,
                 "y":353
                }, 
                {
                 "gid":47,
                 "height":32,
                 "id":13,
                 "name":"platform_1",
                 "properties":
                    {
                     "arr_pos":"49",
                     "bounds":"[4,0,4,14]",
                     "direction":"down",
                     "tile_id":"47",
                     "triggerable_id":"1"
                    },
                 "rotation":0,
                 "type":"platform",
                 "visible":true,
                 "width":32,
                 "x":128,
                 "y":128
                }, 
                {
                 "gid":47,
                 "height":32,
                 "id":14,
                 "name":"platform_2",
                 "properties":
                    {
                     "arr_pos":"92",
                     "bounds":"[2,6,9,6]",
                     "direction":"right",
                     "tile_id":"47",
                     "triggerable_id":"2"
                    },
                 "rotation":0,
                 "type":"platform",
                 "visible":true,
                 "width":32,
                 "x":64,
                 "y":224
                }, 
                {
                 "height":29,
                 "id":15,
                 "name":"door_6",
                 "properties":
                    {
                     "arr_pos":"57",
                     "is_locked":"0",
                     "paired_tile":"4",
                     "triggerable_id":"7"
                    },
                 "rotation":0,
                 "type":"door",
                 "visible":true,
                 "width":32,
                 "x":384,
                 "y":96
                }],
         "opacity":1,
         "type":"objectgroup",
         "visible":true,
         "width":15,
         "x":0,
         "y":0
        }],
 "nextobjectid":16,
 "orientation":"orthogonal",
 "properties":
    {

    },
 "renderorder":"right-down",
 "tileheight":32,
 "tilesets":[
        {
         "firstgid":1,
         "image":"scifitiles-sheet.png",
         "imageheight":192,
         "imagewidth":448,
         "margin":0,
         "name":"scifitiles-sheet",
         "properties":
            {

            },
         "spacing":0,
         "tilecount":84,
         "tileheight":32,
         "tileproperties":
            {
             "17":
                {
                 "get_through":"0"
                },
             "44":
                {
                 "get_through":"0"
                }
            },
         "tilewidth":32
        }, 
        {
         "firstgid":85,
         "image":"black.png",
         "imageheight":32,
         "imagewidth":32,
         "margin":0,
         "name":"black",
         "properties":
            {

            },
         "spacing":0,
         "tilecount":1,
         "tileheight":32,
         "tileproperties":
            {
             "0":
                {
                 "get_through":"0"
                }
            },
         "tilewidth":32
        }, 
        {
         "firstgid":86,
         "image":"rotate.png",
         "imageheight":192,
         "imagewidth":448,
         "margin":0,
         "name":"rotate",
         "properties":
            {

            },
         "spacing":0,
         "tilecount":84,
         "tileheight":32,
         "tilewidth":32
        }, 
        {
         "firstgid":170,
         "image":"Tileset_32x32.png",
         "imageheight":160,
         "imagewidth":256,
         "margin":0,
         "name":"Tileset_32x32",
         "properties":
            {

            },
         "spacing":0,
         "tilecount":40,
         "tileheight":32,
         "tileproperties":
            {
             "0":
                {
                 "get_through":"0"
                },
             "1":
                {
                 "get_through":"0"
                },
             "2":
                {
                 "get_through":"0"
                }
            },
         "tilewidth":32
        }],
 "tilewidth":32,
 "version":1,
 "width":15
}